Handle,Title,Body (HTML),Vendor,Product Category,Type,Tags,Published,Option1 Name,Option1 Value,Option2 Name,Option2 Value,Option3 Name,Option3 Value,Variant SKU,Variant Grams,Variant Inventory Tracker,Variant Inventory Qty,Variant Inventory Policy,Variant Fulfillment Service,Variant Price,Variant Compare At Price,Variant Requires Shipping,Variant Taxable,Variant Barcode,Image Src,Image Position,Image Alt Text,Gift Card,SEO Title,SEO Description,Google Shopping / Google Product Category,Google Shopping / Gender,Google Shopping / Age Group,Google Shopping / MPN,Google Shopping / AdWords Grouping,Google Shopping / AdWords Labels,Google Shopping / Condition,Google Shopping / Custom Product,Google Shopping / Custom Label 0,Google Shopping / Custom Label 1,Google Shopping / Custom Label 2,Google Shopping / Custom Label 3,Google Shopping / Custom Label 4,Variant Image,Variant Weight Unit,Variant Tax Code,Cost per item,Price / International,Compare At Price / International,Status
"Oura-Ring-Gen3-Horizon","Oura Ring Gen3 Horizon","The Oura Ring and the Oura Membership ($5.99/mo plus tax) work hand-in-hand to help you feel your best. Monitor your sleep, activity levels, temperature, stress, heart rate, and more with the most trusted Smart Ring. Whether you’re focusing on your fitness or want to improve your sleep, Oura helps you take control of your health — in style. Show less","Oura",,"Apparel & Accessories > Jewelry > Rings ",,TRUE,,,,,,,,,,,deny,manual,255,549,TRUE,TRUE,06430060151710,https://encrypted-tbn3.gstatic.com/images?q=tbn:ANd9GcTMJMPFIoJ_yoxesuIjloU-laxA7o1Acu11TvW8Dikil3ECFrgK,1,,FALSE,,,,,,,,,,,new,FALSE,,,,,,,,,,active
Oura-Ring-Gen3-Horizon,,,,,,,,,,,,,,,,,,,,,,,,,https://encrypted-tbn0.gstatic.com/shopping?q=tbn:ANd9GcQenoL0Snsg-eKiVTqYES4Cg5JuJSl0Dci-eShM-l8ohzAr5Ati,2,"",,,,,,,,,,,,,,,,,,,,,,,,,
Oura-Ring-Gen3-Horizon,,,,,,,,,,,,,,,,,,,,,,,,,https://encrypted-tbn2.gstatic.com/shopping?q=tbn:ANd9GcRG4qdmDn_yV_2HBsvqpTzvAAPXe9V1zY88j2WzIcbvMTslMiCA,3,"",,,,,,,,,,,,,,,,,,,,,,,,,
Oura-Ring-Gen3-Horizon,,,,,,,,,,,,,,,,,,,,,,,,,https://encrypted-tbn2.gstatic.com/shopping?q=tbn:ANd9GcRrnjv3UmXvQedws3Bd1odHZ-5wofhQrZEyj-mAAMVKH1qwl9h2,4,"",,,,,,,,,,,,,,,,,,,,,,,,,
Oura-Ring-Gen3-Horizon,,,,,,,,,,,,,,,,,,,,,,,,,https://encrypted-tbn0.gstatic.com/shopping?q=tbn:ANd9GcQMeg5xmlObua6uancKccESA6Y27a6DKI7vUJYL0My38314Nsaf,5,"",,,,,,,,,,,,,,,,,,,,,,,,,
Oura-Ring-Gen3-Horizon,,,,,,,,,,,,,,,,,,,,,,,,,https://encrypted-tbn2.gstatic.com/shopping?q=tbn:ANd9GcTJuSMADZ__Cq8TF_yeoZzpYzNmeO14Jeuk1-BJgSvWF5VAA2jf,6,"",,,,,,,,,,,,,,,,,,,,,,,,,
Oura-Ring-Gen3-Horizon,,,,,,,,,,,,,,,,,,,,,,,,,https://encrypted-tbn0.gstatic.com/shopping?q=tbn:ANd9GcRr6I-zinjBc-Q4noUTadgrcqW3O1lmnYQbuHS9oL_KrpVtSnE,7,"",,,,,,,,,,,,,,,,,,,,,,,,,
Oura-Ring-Gen3-Horizon,,,,,,,,,,,,,,,,,,,,,,,,,https://encrypted-tbn0.gstatic.com/shopping?q=tbn:ANd9GcSXVwCI2yHoZPkaKgQVwKY_rW2eh7avkuIfIXrB1JT0c4xapzQp,8,"",,,,,,,,,,,,,,,,,,,,,,,,,
Oura-Ring-Gen3-Horizon,,,,,,,,,,,,,,,,,,,,,,,,,https://encrypted-tbn1.gstatic.com/shopping?q=tbn:ANd9GcRED-Vagmba7mTgDb5H28wrn9KE5wAmh3B-hUW-Eaz-aDNUhFZw,9,"",,,,,,,,,,,,,,,,,,,,,,,,,
Oura-Ring-Gen3-Horizon,,,,,,,,,,,,,,,,,,,,,,,,,https://encrypted-tbn0.gstatic.com/shopping?q=tbn:ANd9GcQH1K5b966bUBPRZrUO9gm8eoDOnbjm1yCfyBFj8L5uU6zAMqg,10,"",,,,,,,,,,,,,,,,,,,,,,,,,
Oura-Ring-Gen3-Horizon,,,,,,,,,,,,,,,,,,,,,,,,,https://encrypted-tbn3.gstatic.com/shopping?q=tbn:ANd9GcTwcOMp08s1cJoWPh5KYtT6ubUqHuA6hDUJrfgTky1ybQ09PxI,11,"",,,,,,,,,,,,,,,,,,,,,,,,,
Oura-Ring-Gen3-Horizon,,,,,,,,,,,,,,,,,,,,,,,,,https://encrypted-tbn1.gstatic.com/shopping?q=tbn:ANd9GcSDw4uGJ84ik4yu4mtzejOe7n1CY2xEx1KDWtauqszzl-O9IEs,12,"",,,,,,,,,,,,,,,,,,,,,,,,,
Oura-Ring-Gen3-Horizon,,,,,,,,,,,,,,,,,,,,,,,,,https://encrypted-tbn3.gstatic.com/shopping?q=tbn:ANd9GcQB_MKPtMRrUJvVul8gytGHZAGuaiL5BaluMNXyAqOoMz8xneAn,13,"",,,,,,,,,,,,,,,,,,,,,,,,,
Oura-Ring-Gen3-Horizon,,,,,,,,,,,,,,,,,,,,,,,,,https://encrypted-tbn3.gstatic.com/shopping?q=tbn:ANd9GcSrlxZYKsZtldaWJnVeBtOTUmTROOtHm2BpVOt28BBfB-Yd6zTE,14,"",,,,,,,,,,,,,,,,,,,,,,,,,
Oura-Ring-Gen3-Horizon,,,,,,,,,,,,,,,,,,,,,,,,,https://encrypted-tbn3.gstatic.com/shopping?q=tbn:ANd9GcSH_Kyx7JxdbFu30TvdAc_B0yRboCVuU9ZTSxURml7cJEpZ3qo,15,"",,,,,,,,,,,,,,,,,,,,,,,,,
Oura-Ring-Gen3-Horizon,,,,,,,,,,,,,,,,,,,,,,,,,https://encrypted-tbn0.gstatic.com/shopping?q=tbn:ANd9GcS-UkktWD6wc7zF1TqO7CudhVRVXxAxEQMted1EKoHu1frFuJY,16,"",,,,,,,,,,,,,,,,,,,,,,,,,
"Pandora-Women's-Game-of-Thrones-House-of-the-Dragon-Crown-Ring","Pandora Women's Game of Thrones House of the Dragon Crown Ring","Game of Thrones jewellery now at Watchesonline Game of Thrones jewellery is the perfect choice for every Game of Thrones fan. Created by Pandora, the jewellery set takes the wearer to the Middle Ages, to Westeros and Essos, where the nine noble families of Westeros fight for power and the iron throne of its Seven Kingdoms. Meanwhile, far to the north, an ancient mythical creature is awakening to threaten the region's inhabitants. Pandora Game of Thrones House of the Dragon ring 162969C01 is set in the House of Dragons storyline, and is made of 14-karat gold-plated metal and adorned with bright zirconia. You can choose the size that's right for you from the drop-down menu. Pandora Game of Thrones jewellery comes in a beautiful gift box. Show less","Pandora",,"Apparel & Accessories > Jewelry > Rings ",,TRUE,,,,,,,,,,,deny,manual,100,,TRUE,TRUE,05700303076157,https://encrypted-tbn0.gstatic.com/images?q=tbn:ANd9GcRmHrpr5nPCb6w6ObnIghQKQAM4L35rWdSbfK4BnyUquOKCaHE6,1,,FALSE,,,,,,,,,,,new,FALSE,,,,,,,,,,active
Pandora-Women's-Game-of-Thrones-House-of-the-Dragon-Crown-Ring,,,,,,,,,,,,,,,,,,,,,,,,,https://encrypted-tbn1.gstatic.com/shopping?q=tbn:ANd9GcRfJTvWres_1Rgt5S0bC7OypHw5q8UPUjp-a-L6AhsbpLz3lvA,2,"",,,,,,,,,,,,,,,,,,,,,,,,,
Pandora-Women's-Game-of-Thrones-House-of-the-Dragon-Crown-Ring,,,,,,,,,,,,,,,,,,,,,,,,,https://encrypted-tbn3.gstatic.com/shopping?q=tbn:ANd9GcQdmSB42XLEzvS1mJ8-THKg_lr8dI8rZvjwynDpRYvooXKW-o8,3,"",,,,,,,,,,,,,,,,,,,,,,,,,
Pandora-Women's-Game-of-Thrones-House-of-the-Dragon-Crown-Ring,,,,,,,,,,,,,,,,,,,,,,,,,https://encrypted-tbn0.gstatic.com/shopping?q=tbn:ANd9GcTMnR6phXCRxb7QAWGOHBKVcuGbchhQATPK2muu6ZUWpSOqXmA,4,"",,,,,,,,,,,,,,,,,,,,,,,,,
Pandora-Women's-Game-of-Thrones-House-of-the-Dragon-Crown-Ring,,,,,,,,,,,,,,,,,,,,,,,,,https://encrypted-tbn3.gstatic.com/shopping?q=tbn:ANd9GcQ0BKJvt8P6YX-TP4tS6FrWSHXCmvW7OACfbhEFm8HyEeFtRANU,5,"",,,,,,,,,,,,,,,,,,,,,,,,,
Pandora-Women's-Game-of-Thrones-House-of-the-Dragon-Crown-Ring,,,,,,,,,,,,,,,,,,,,,,,,,https://encrypted-tbn0.gstatic.com/shopping?q=tbn:ANd9GcSSRPtWprSw-WKenMvjBZcoymi0NKIS2bTXTjlXJigINEhDWK0,6,"",,,,,,,,,,,,,,,,,,,,,,,,,
Pandora-Women's-Game-of-Thrones-House-of-the-Dragon-Crown-Ring,,,,,,,,,,,,,,,,,,,,,,,,,https://encrypted-tbn0.gstatic.com/shopping?q=tbn:ANd9GcTB_f_gDpRVVQhhUYAHutbPJzpn-DcesodshTFWGGWG1fWdOMvV,7,"",,,,,,,,,,,,,,,,,,,,,,,,,
"Oura-Ring-Gen3-Horizon","Oura Ring Gen3 Horizon","The Oura Ring and the Oura Membership ($5.99/mo plus tax) work hand-in-hand to help you feel your best. Monitor your sleep, activity levels, temperature, stress, heart rate, and more with the most trusted Smart Ring. Whether you’re focusing on your fitness or want to improve your sleep, Oura helps you take control of your health — in style. Show less","Oura",,"Apparel & Accessories > Jewelry > Rings ",,TRUE,,,,,,,,,,,deny,manual,255,549,TRUE,TRUE,06430060151710,https://encrypted-tbn3.gstatic.com/images?q=tbn:ANd9GcTMJMPFIoJ_yoxesuIjloU-laxA7o1Acu11TvW8Dikil3ECFrgK,1,,FALSE,,,,,,,,,,,new,FALSE,,,,,,,,,,active
Oura-Ring-Gen3-Horizon,,,,,,,,,,,,,,,,,,,,,,,,,https://encrypted-tbn0.gstatic.com/shopping?q=tbn:ANd9GcQenoL0Snsg-eKiVTqYES4Cg5JuJSl0Dci-eShM-l8ohzAr5Ati,2,"",,,,,,,,,,,,,,,,,,,,,,,,,
Oura-Ring-Gen3-Horizon,,,,,,,,,,,,,,,,,,,,,,,,,https://encrypted-tbn2.gstatic.com/shopping?q=tbn:ANd9GcRG4qdmDn_yV_2HBsvqpTzvAAPXe9V1zY88j2WzIcbvMTslMiCA,3,"",,,,,,,,,,,,,,,,,,,,,,,,,
Oura-Ring-Gen3-Horizon,,,,,,,,,,,,,,,,,,,,,,,,,https://encrypted-tbn2.gstatic.com/shopping?q=tbn:ANd9GcRrnjv3UmXvQedws3Bd1odHZ-5wofhQrZEyj-mAAMVKH1qwl9h2,4,"",,,,,,,,,,,,,,,,,,,,,,,,,
Oura-Ring-Gen3-Horizon,,,,,,,,,,,,,,,,,,,,,,,,,https://encrypted-tbn0.gstatic.com/shopping?q=tbn:ANd9GcQMeg5xmlObua6uancKccESA6Y27a6DKI7vUJYL0My38314Nsaf,5,"",,,,,,,,,,,,,,,,,,,,,,,,,
Oura-Ring-Gen3-Horizon,,,,,,,,,,,,,,,,,,,,,,,,,https://encrypted-tbn2.gstatic.com/shopping?q=tbn:ANd9GcTJuSMADZ__Cq8TF_yeoZzpYzNmeO14Jeuk1-BJgSvWF5VAA2jf,6,"",,,,,,,,,,,,,,,,,,,,,,,,,
Oura-Ring-Gen3-Horizon,,,,,,,,,,,,,,,,,,,,,,,,,https://encrypted-tbn0.gstatic.com/shopping?q=tbn:ANd9GcRr6I-zinjBc-Q4noUTadgrcqW3O1lmnYQbuHS9oL_KrpVtSnE,7,"",,,,,,,,,,,,,,,,,,,,,,,,,
Oura-Ring-Gen3-Horizon,,,,,,,,,,,,,,,,,,,,,,,,,https://encrypted-tbn0.gstatic.com/shopping?q=tbn:ANd9GcSXVwCI2yHoZPkaKgQVwKY_rW2eh7avkuIfIXrB1JT0c4xapzQp,8,"",,,,,,,,,,,,,,,,,,,,,,,,,
Oura-Ring-Gen3-Horizon,,,,,,,,,,,,,,,,,,,,,,,,,https://encrypted-tbn1.gstatic.com/shopping?q=tbn:ANd9GcRED-Vagmba7mTgDb5H28wrn9KE5wAmh3B-hUW-Eaz-aDNUhFZw,9,"",,,,,,,,,,,,,,,,,,,,,,,,,
Oura-Ring-Gen3-Horizon,,,,,,,,,,,,,,,,,,,,,,,,,https://encrypted-tbn0.gstatic.com/shopping?q=tbn:ANd9GcQH1K5b966bUBPRZrUO9gm8eoDOnbjm1yCfyBFj8L5uU6zAMqg,10,"",,,,,,,,,,,,,,,,,,,,,,,,,
Oura-Ring-Gen3-Horizon,,,,,,,,,,,,,,,,,,,,,,,,,https://encrypted-tbn3.gstatic.com/shopping?q=tbn:ANd9GcTwcOMp08s1cJoWPh5KYtT6ubUqHuA6hDUJrfgTky1ybQ09PxI,11,"",,,,,,,,,,,,,,,,,,,,,,,,,
Oura-Ring-Gen3-Horizon,,,,,,,,,,,,,,,,,,,,,,,,,https://encrypted-tbn1.gstatic.com/shopping?q=tbn:ANd9GcSDw4uGJ84ik4yu4mtzejOe7n1CY2xEx1KDWtauqszzl-O9IEs,12,"",,,,,,,,,,,,,,,,,,,,,,,,,
Oura-Ring-Gen3-Horizon,,,,,,,,,,,,,,,,,,,,,,,,,https://encrypted-tbn3.gstatic.com/shopping?q=tbn:ANd9GcQB_MKPtMRrUJvVul8gytGHZAGuaiL5BaluMNXyAqOoMz8xneAn,13,"",,,,,,,,,,,,,,,,,,,,,,,,,
Oura-Ring-Gen3-Horizon,,,,,,,,,,,,,,,,,,,,,,,,,https://encrypted-tbn3.gstatic.com/shopping?q=tbn:ANd9GcSrlxZYKsZtldaWJnVeBtOTUmTROOtHm2BpVOt28BBfB-Yd6zTE,14,"",,,,,,,,,,,,,,,,,,,,,,,,,
Oura-Ring-Gen3-Horizon,,,,,,,,,,,,,,,,,,,,,,,,,https://encrypted-tbn3.gstatic.com/shopping?q=tbn:ANd9GcSH_Kyx7JxdbFu30TvdAc_B0yRboCVuU9ZTSxURml7cJEpZ3qo,15,"",,,,,,,,,,,,,,,,,,,,,,,,,
Oura-Ring-Gen3-Horizon,,,,,,,,,,,,,,,,,,,,,,,,,https://encrypted-tbn0.gstatic.com/shopping?q=tbn:ANd9GcS-UkktWD6wc7zF1TqO7CudhVRVXxAxEQMted1EKoHu1frFuJY,16,"",,,,,,,,,,,,,,,,,,,,,,,,,
"Pandora-Women's-Double-Heart-Sparkling-Ring","Pandora Women's Double Heart Sparkling Ring","The Double Heart Sparkling Ring features two heart-shaped clear cubic zirconia nestled together at different angles to symbolize the love between a mother and child. The ring shank is accented with a half row of pave and is asymmetrically attached to the two hearts for a more modern look. A gift that celebrates everything mum's done for you. Show less","Pandora",,"Apparel & Accessories > Jewelry > Rings ",,TRUE,,,,,,,,,,,deny,manual,115,150,TRUE,TRUE,05700302979787,https://encrypted-tbn2.gstatic.com/images?q=tbn:ANd9GcRnRd3v8wJTVUylxWwrTrdDIgVB48n1e8BvIqjOFV6ZXZ0DlRQZ,1,,FALSE,,,,,,,,,,,new,FALSE,,,,,,,,,,active
Pandora-Women's-Double-Heart-Sparkling-Ring,,,,,,,,,,,,,,,,,,,,,,,,,https://encrypted-tbn3.gstatic.com/shopping?q=tbn:ANd9GcT2QfCI2JhHZGaaG9C1uUjEZwzOqt0zxkuQi19PUVx4peEc-Eg,2,"",,,,,,,,,,,,,,,,,,,,,,,,,
Pandora-Women's-Double-Heart-Sparkling-Ring,,,,,,,,,,,,,,,,,,,,,,,,,https://encrypted-tbn3.gstatic.com/shopping?q=tbn:ANd9GcReQ8XalENtVKqPHVYyjWccKca5195tLS3nVBwRLG6gh25wmEg,3,"",,,,,,,,,,,,,,,,,,,,,,,,,
Pandora-Women's-Double-Heart-Sparkling-Ring,,,,,,,,,,,,,,,,,,,,,,,,,https://encrypted-tbn3.gstatic.com/shopping?q=tbn:ANd9GcTbzqjgIvRIRzdyQUlfpaF67l_elaMKayuOVU20Y5Kobhu4bcw,4,"",,,,,,,,,,,,,,,,,,,,,,,,,
Pandora-Women's-Double-Heart-Sparkling-Ring,,,,,,,,,,,,,,,,,,,,,,,,,https://encrypted-tbn3.gstatic.com/shopping?q=tbn:ANd9GcSKlhMhfQl0vpiaYKyVvR2x-tL8BSv9s6MzluvnoPIgfhxBV90,5,"",,,,,,,,,,,,,,,,,,,,,,,,,
Pandora-Women's-Double-Heart-Sparkling-Ring,,,,,,,,,,,,,,,,,,,,,,,,,https://encrypted-tbn0.gstatic.com/shopping?q=tbn:ANd9GcQMXCjnrJ1cy6qU6D4NczcqhZgTTuMw2J2SndRhwVurl2Ttx5vj,6,"",,,,,,,,,,,,,,,,,,,,,,,,,
Pandora-Women's-Double-Heart-Sparkling-Ring,,,,,,,,,,,,,,,,,,,,,,,,,https://encrypted-tbn0.gstatic.com/shopping?q=tbn:ANd9GcSU8C3DM4HX83fuVAzlZm_QUobNx-6cYRY0jDTpSxIykDmdAmQ,7,"",,,,,,,,,,,,,,,,,,,,,,,,,
Pandora-Women's-Double-Heart-Sparkling-Ring,,,,,,,,,,,,,,,,,,,,,,,,,https://encrypted-tbn3.gstatic.com/shopping?q=tbn:ANd9GcR_DlPvJD-EV7GD1nCyqJBdO0zUZxw0AMqw6nwDKOPbk9kWm_Q,8,"",,,,,,,,,,,,,,,,,,,,,,,,,
"David-Yurman-Women's-X-Crossover-Ring-with-18K-Gold","David Yurman Women's X Crossover Ring with 18K Gold","One of s most iconic designs the X Collection was inspired by his wife Sybils painting of the ancient mark. Classic yet contemporary the collection epitomizes his approach to design. Sterling silver with 18-karat yellow gold Ring 6mm This item can be resized. This item can be engraved. Show less","David Yurman",,"Apparel & Accessories > Jewelry > Rings ",,TRUE,,,,,,,,,,,deny,manual,295,,TRUE,TRUE,00712161792860,https://encrypted-tbn1.gstatic.com/images?q=tbn:ANd9GcRDXXOgIKv_EBUQMS36R1ERsPDfiC-qwS09ism0zn5Hao2Et10S,1,,FALSE,,,,,,,,,,,new,FALSE,,,,,,,,,,active
David-Yurman-Women's-X-Crossover-Ring-with-18K-Gold,,,,,,,,,,,,,,,,,,,,,,,,,https://encrypted-tbn1.gstatic.com/shopping?q=tbn:ANd9GcQ5gvE7ZYs1u7Wfev-e6Lc3qFHMTuumWnUItcQykcf6u3XaaKk,2,"",,,,,,,,,,,,,,,,,,,,,,,,,
David-Yurman-Women's-X-Crossover-Ring-with-18K-Gold,,,,,,,,,,,,,,,,,,,,,,,,,https://encrypted-tbn3.gstatic.com/shopping?q=tbn:ANd9GcSPy2DzcL99ZDeA1rLkovZKxHOe7KACb1RyhEY5uSjlBEsWXB0I,3,"",,,,,,,,,,,,,,,,,,,,,,,,,
David-Yurman-Women's-X-Crossover-Ring-with-18K-Gold,,,,,,,,,,,,,,,,,,,,,,,,,https://encrypted-tbn2.gstatic.com/shopping?q=tbn:ANd9GcSOk36UHZ0LtTgneGvVm3Ms2ubMY72RJq9N1NnuEQwHAiGL8pU,4,"",,,,,,,,,,,,,,,,,,,,,,,,,
David-Yurman-Women's-X-Crossover-Ring-with-18K-Gold,,,,,,,,,,,,,,,,,,,,,,,,,https://encrypted-tbn3.gstatic.com/shopping?q=tbn:ANd9GcR842ud8KYGQ6xZCN2W-AyTZcZ3a0661kZRQoEONLQUm24_UOA,5,"",,,,,,,,,,,,,,,,,,,,,,,,,
David-Yurman-Women's-X-Crossover-Ring-with-18K-Gold,,,,,,,,,,,,,,,,,,,,,,,,,https://encrypted-tbn3.gstatic.com/shopping?q=tbn:ANd9GcSPi93KuCeHYMu71qzTpE3jJg8uinxPptiTKExUPpiZ9b8_ErJs,6,"",,,,,,,,,,,,,,,,,,,,,,,,,
David-Yurman-Women's-X-Crossover-Ring-with-18K-Gold,,,,,,,,,,,,,,,,,,,,,,,,,https://encrypted-tbn3.gstatic.com/shopping?q=tbn:ANd9GcTmn9HbmXkelIdvhmB2zmFJm6EcExbWLO_U4RLCmgag4u3iHZ1m,7,"",,,,,,,,,,,,,,,,,,,,,,,,,
David-Yurman-Women's-X-Crossover-Ring-with-18K-Gold,,,,,,,,,,,,,,,,,,,,,,,,,https://encrypted-tbn1.gstatic.com/shopping?q=tbn:ANd9GcQpkG7SN0FPI-kqAQDhO-AmO1dzvRby0tw8qG2TWYCYZSDKGCEf,8,"",,,,,,,,,,,,,,,,,,,,,,,,,
David-Yurman-Women's-X-Crossover-Ring-with-18K-Gold,,,,,,,,,,,,,,,,,,,,,,,,,https://encrypted-tbn3.gstatic.com/shopping?q=tbn:ANd9GcTUZst6Tr4gxraHjX9dUxEG9rrcbofw1C60n01KANrNhYCAPcc,9,"",,,,,,,,,,,,,,,,,,,,,,,,,
David-Yurman-Women's-X-Crossover-Ring-with-18K-Gold,,,,,,,,,,,,,,,,,,,,,,,,,https://encrypted-tbn2.gstatic.com/shopping?q=tbn:ANd9GcTaXBhNOpN24N26wwYaR1DMU6VdMR8NVR0HoLlTnFTgxWt9fpA,10,"",,,,,,,,,,,,,,,,,,,,,,,,,
David-Yurman-Women's-X-Crossover-Ring-with-18K-Gold,,,,,,,,,,,,,,,,,,,,,,,,,https://encrypted-tbn3.gstatic.com/shopping?q=tbn:ANd9GcQWD6YYm5hWNiy4zOPOuTxwZPOkiYMuwBSiP6dj7p_LwfIXuvY,11,"",,,,,,,,,,,,,,,,,,,,,,,,,
David-Yurman-Women's-X-Crossover-Ring-with-18K-Gold,,,,,,,,,,,,,,,,,,,,,,,,,https://encrypted-tbn0.gstatic.com/shopping?q=tbn:ANd9GcS-KbZBTQuPmvRcnqrloLF6c1qj0xNq9DZT8DjGpXfrSEUFc-Q,12,"",,,,,,,,,,,,,,,,,,,,,,,,,
David-Yurman-Women's-X-Crossover-Ring-with-18K-Gold,,,,,,,,,,,,,,,,,,,,,,,,,https://encrypted-tbn0.gstatic.com/shopping?q=tbn:ANd9GcSMnw6X5DFYViQDdyAq0C5IAIvRpjpNIhn0Un59YykYiZ2uEHWn,13,"",,,,,,,,,,,,,,,,,,,,,,,,,
"Manly-Bands-Gold-Plated-Tungsten-Men's-Wedding-Band-6mm-or-8mm","Manly Bands Gold Plated Tungsten Men's Wedding Band 6mm or 8mm","THE CEO - You’re someone who needs efficiency and structure. You don't have time to care about bells and whistles. You have business papers to read and manila folders to file! Do you occasionally carry an empty briefcase to show how important you are? This mens wedding band knows you mean business. I LOVE GOOOOLD! - Scratch-resistant 14K gold plated tungsten wedding ring for men made with one of our heaviest materials. This heavier material delivers a durable high-quality fit. A domed and beveled design with a satin finish means our comfort fit wedding band for men might just be the perfect match, crafted to complement his unique personality. SIZE MATTERS - Don’t just wing it, use one of our sizers to find the most accurate ring size possible. Our printable ring sizer is easily available – find it in our user guide near the product details or by viewing our Amazon brand store. It’s simple! Print, cut, size, order. WHY MANLY BANDS? - Husband and Wife, John & Michelle, founded Manly Bands in 2016 and to this day remain Co-CEOs. They were frustrated with the lack of options for stylish and affordable men's wedding rings when they were getting married and decided to shake up the industry. They think everyone should have a buying experience with reverence, class, and love during ring selection. Manly Bands has an ever-growing catalog with wildly unique styles in sizes all the way up to ring size 17! This also protects against manufacturing defects. Proof of purchase and a clear photo of the defective ring showing visible defects are required. Proudly American owned and operated, based in Utah. Manly Bands Rings for Men Show less","Manly Bands",,"Apparel & Accessories > Jewelry > Rings ",,TRUE,,,,,,,,,,,deny,manual,182,260,TRUE,TRUE,00195991003120,https://encrypted-tbn3.gstatic.com/images?q=tbn:ANd9GcTQ45S-6EpbmR2XWkDraQ3oTY7Mp0SAf4DHwvhcIVYH4_mLkyiv,1,,FALSE,,,,,,,,,,,new,FALSE,,,,,,,,,,active
Manly-Bands-Gold-Plated-Tungsten-Men's-Wedding-Band-6mm-or-8mm,,,,,,,,,,,,,,,,,,,,,,,,,https://encrypted-tbn2.gstatic.com/shopping?q=tbn:ANd9GcT5FRkv66rJ9ytUAYshn7LIJL3nMygHVyvI1ul1OzT0qL_nT2iE,2,"",,,,,,,,,,,,,,,,,,,,,,,,,
Manly-Bands-Gold-Plated-Tungsten-Men's-Wedding-Band-6mm-or-8mm,,,,,,,,,,,,,,,,,,,,,,,,,https://encrypted-tbn0.gstatic.com/shopping?q=tbn:ANd9GcTlEtWNwGjxIRFTC_fLi4msKal1M6Zp_gUZf1E8tgn0cmlo8z0,3,"",,,,,,,,,,,,,,,,,,,,,,,,,
Manly-Bands-Gold-Plated-Tungsten-Men's-Wedding-Band-6mm-or-8mm,,,,,,,,,,,,,,,,,,,,,,,,,https://encrypted-tbn1.gstatic.com/shopping?q=tbn:ANd9GcRa0-MFyRdxk9a8b8KO3tJuvf201d_Xy9xxJWtHyQssWNn8SwiF,4,"",,,,,,,,,,,,,,,,,,,,,,,,,
Manly-Bands-Gold-Plated-Tungsten-Men's-Wedding-Band-6mm-or-8mm,,,,,,,,,,,,,,,,,,,,,,,,,https://encrypted-tbn2.gstatic.com/shopping?q=tbn:ANd9GcTo81hCR1uc_nsylDMmyUkmUjrf4_IBMQetRzPVQUMVmaKMSl7r,5,"",,,,,,,,,,,,,,,,,,,,,,,,,
Manly-Bands-Gold-Plated-Tungsten-Men's-Wedding-Band-6mm-or-8mm,,,,,,,,,,,,,,,,,,,,,,,,,https://encrypted-tbn3.gstatic.com/shopping?q=tbn:ANd9GcTwkU1G3oEH_z5-m8WCNWTeHeGIj9P649dy_ZSDchWu5Ws0XMCT,6,"",,,,,,,,,,,,,,,,,,,,,,,,,
Manly-Bands-Gold-Plated-Tungsten-Men's-Wedding-Band-6mm-or-8mm,,,,,,,,,,,,,,,,,,,,,,,,,https://encrypted-tbn0.gstatic.com/shopping?q=tbn:ANd9GcRW3WnMY_3ZyYtBk3qJlFYwzUQvdhzKddH_lPfGH9xqZaUhU7w,7,"",,,,,,,,,,,,,,,,,,,,,,,,,
Manly-Bands-Gold-Plated-Tungsten-Men's-Wedding-Band-6mm-or-8mm,,,,,,,,,,,,,,,,,,,,,,,,,https://encrypted-tbn0.gstatic.com/shopping?q=tbn:ANd9GcQpeMCqyhkDDXnhOHUfNBPsm2zOOcwSpYvVV41TtsncRNAmVitv,8,"",,,,,,,,,,,,,,,,,,,,,,,,,
Manly-Bands-Gold-Plated-Tungsten-Men's-Wedding-Band-6mm-or-8mm,,,,,,,,,,,,,,,,,,,,,,,,,https://encrypted-tbn1.gstatic.com/shopping?q=tbn:ANd9GcQmfqiwLMsVI4_H2pQNN4o9Js8pRCg68YbBem8IGgvJAk-geDg,9,"",,,,,,,,,,,,,,,,,,,,,,,,,
Manly-Bands-Gold-Plated-Tungsten-Men's-Wedding-Band-6mm-or-8mm,,,,,,,,,,,,,,,,,,,,,,,,,https://encrypted-tbn3.gstatic.com/shopping?q=tbn:ANd9GcSsmihfQbTVJ4s0ytTELlMmRQxm8Iubg4Nq3sXDk-ni0prrSYke,10,"",,,,,,,,,,,,,,,,,,,,,,,,,
Manly-Bands-Gold-Plated-Tungsten-Men's-Wedding-Band-6mm-or-8mm,,,,,,,,,,,,,,,,,,,,,,,,,https://encrypted-tbn1.gstatic.com/shopping?q=tbn:ANd9GcRZ51kAle7-YJjeacv5sTDaABILmKoHXAgt52D4UaSpQgKH1qp-,11,"",,,,,,,,,,,,,,,,,,,,,,,,,
Manly-Bands-Gold-Plated-Tungsten-Men's-Wedding-Band-6mm-or-8mm,,,,,,,,,,,,,,,,,,,,,,,,,https://encrypted-tbn1.gstatic.com/shopping?q=tbn:ANd9GcQQclZErGiycwWZi3CQ3SYB8HVn6SmbgmdF8PU2e-Sn4eNuu1uo,12,"",,,,,,,,,,,,,,,,,,,,,,,,,
Manly-Bands-Gold-Plated-Tungsten-Men's-Wedding-Band-6mm-or-8mm,,,,,,,,,,,,,,,,,,,,,,,,,https://encrypted-tbn2.gstatic.com/shopping?q=tbn:ANd9GcSZlYBUeQu4njHjgDOn69PMoYj3NfLGuTPSTPMnGL-RXKqskYl9,13,"",,,,,,,,,,,,,,,,,,,,,,,,,
Manly-Bands-Gold-Plated-Tungsten-Men's-Wedding-Band-6mm-or-8mm,,,,,,,,,,,,,,,,,,,,,,,,,https://encrypted-tbn3.gstatic.com/shopping?q=tbn:ANd9GcTDn4OLjOeQiEhTYZ2-PloQ4aALavID17yG_Zfv9kXGvjzjlPBh,14,"",,,,,,,,,,,,,,,,,,,,,,,,,
Manly-Bands-Gold-Plated-Tungsten-Men's-Wedding-Band-6mm-or-8mm,,,,,,,,,,,,,,,,,,,,,,,,,https://encrypted-tbn3.gstatic.com/shopping?q=tbn:ANd9GcRLgUYInwmKUpLujbQqsicD_XuUCvSK9dWC0CqPVoWBhBSZTv4,15,"",,,,,,,,,,,,,,,,,,,,,,,,,
Manly-Bands-Gold-Plated-Tungsten-Men's-Wedding-Band-6mm-or-8mm,,,,,,,,,,,,,,,,,,,,,,,,,https://encrypted-tbn1.gstatic.com/shopping?q=tbn:ANd9GcTOcFl_uYiYLwUJs29la_De0A6BZsQ8A20nI5N4vR03nPA_21w,16,"",,,,,,,,,,,,,,,,,,,,,,,,,
"Men's-Manly-Bands-The-Cowboy-Black-Wedding-Band-Ring-Sizes-5-17!","Men's Manly Bands The Cowboy Black Wedding Band Ring Sizes 5-17!","","Manly Bands",,"Apparel & Accessories > Jewelry > Rings ",,TRUE,,,,,,,,,,,deny,manual,182,260,TRUE,TRUE,00195991003793,https://encrypted-tbn1.gstatic.com/images?q=tbn:ANd9GcS2yNOVZdUw61Ezul655-MJAD5fNXfjR6YpsFsPlG_P-gXypW9T,1,,FALSE,,,,,,,,,,,new,FALSE,,,,,,,,,,active
Men's-Manly-Bands-The-Cowboy-Black-Wedding-Band-Ring-Sizes-5-17!,,,,,,,,,,,,,,,,,,,,,,,,,https://encrypted-tbn1.gstatic.com/shopping?q=tbn:ANd9GcROtvC3i12hqGXdPxJIHe6Wr8DWxTvlrbtVE8zv3om1hEtKFSc,2,"",,,,,,,,,,,,,,,,,,,,,,,,,
Men's-Manly-Bands-The-Cowboy-Black-Wedding-Band-Ring-Sizes-5-17!,,,,,,,,,,,,,,,,,,,,,,,,,https://encrypted-tbn2.gstatic.com/shopping?q=tbn:ANd9GcTdg56x3bzqhLkgKWnI9b97trqkTOfzVWCozyn5wsJhtyzdSoA,3,"",,,,,,,,,,,,,,,,,,,,,,,,,
Men's-Manly-Bands-The-Cowboy-Black-Wedding-Band-Ring-Sizes-5-17!,,,,,,,,,,,,,,,,,,,,,,,,,https://encrypted-tbn2.gstatic.com/shopping?q=tbn:ANd9GcTQNMQ02wJWevocPXDRiklKIE0iKy_ReE30JXYdcyPAuDbuReAV,4,"",,,,,,,,,,,,,,,,,,,,,,,,,
Men's-Manly-Bands-The-Cowboy-Black-Wedding-Band-Ring-Sizes-5-17!,,,,,,,,,,,,,,,,,,,,,,,,,https://encrypted-tbn1.gstatic.com/shopping?q=tbn:ANd9GcRFYlx-9n-NS_YCnuhaiUx6BqmqNQUB6mE6N4Mtrvb36BWfimoR,5,"",,,,,,,,,,,,,,,,,,,,,,,,,
Men's-Manly-Bands-The-Cowboy-Black-Wedding-Band-Ring-Sizes-5-17!,,,,,,,,,,,,,,,,,,,,,,,,,https://encrypted-tbn3.gstatic.com/shopping?q=tbn:ANd9GcRNIt-8qhPL7ewKh2IbycZsohpaaQ_aHqMbq0S55m_IE5dOHqk,6,"",,,,,,,,,,,,,,,,,,,,,,,,,
Men's-Manly-Bands-The-Cowboy-Black-Wedding-Band-Ring-Sizes-5-17!,,,,,,,,,,,,,,,,,,,,,,,,,https://encrypted-tbn0.gstatic.com/shopping?q=tbn:ANd9GcRXma6_uad1HgKQ7lloX79xMFQjkoo3NBhMR0jAZzQ9kL4upISJ,7,"",,,,,,,,,,,,,,,,,,,,,,,,,
Men's-Manly-Bands-The-Cowboy-Black-Wedding-Band-Ring-Sizes-5-17!,,,,,,,,,,,,,,,,,,,,,,,,,https://encrypted-tbn1.gstatic.com/shopping?q=tbn:ANd9GcTm0hfbKsZd4oe6Y1GooaZm3AJsLqp0UpEXwayH6N6Filn9oYI,8,"",,,,,,,,,,,,,,,,,,,,,,,,,
Men's-Manly-Bands-The-Cowboy-Black-Wedding-Band-Ring-Sizes-5-17!,,,,,,,,,,,,,,,,,,,,,,,,,https://encrypted-tbn0.gstatic.com/shopping?q=tbn:ANd9GcQRc3iJZesJ6FeYHi68UeMx1ZqUVvVLjPIUAtl6woOo9C9yfLb3,9,"",,,,,,,,,,,,,,,,,,,,,,,,,
Men's-Manly-Bands-The-Cowboy-Black-Wedding-Band-Ring-Sizes-5-17!,,,,,,,,,,,,,,,,,,,,,,,,,https://encrypted-tbn0.gstatic.com/shopping?q=tbn:ANd9GcRktDQOy9PPFQH4TU9R1NSA2vhXgALKzVgDf4oNSC-BrTjydy1x,10,"",,,,,,,,,,,,,,,,,,,,,,,,,
Men's-Manly-Bands-The-Cowboy-Black-Wedding-Band-Ring-Sizes-5-17!,,,,,,,,,,,,,,,,,,,,,,,,,https://encrypted-tbn1.gstatic.com/shopping?q=tbn:ANd9GcRXHeJdbd5ah3UVmOrKJQabpX-4m8VAGdxRKsWu4-1uRgWpDKM,11,"",,,,,,,,,,,,,,,,,,,,,,,,,
Men's-Manly-Bands-The-Cowboy-Black-Wedding-Band-Ring-Sizes-5-17!,,,,,,,,,,,,,,,,,,,,,,,,,https://encrypted-tbn2.gstatic.com/shopping?q=tbn:ANd9GcS3Uqlb_ejeKlv0CthIq48vENPvfJD1fC_DHP4qeMaMAUl-lvvf,12,"",,,,,,,,,,,,,,,,,,,,,,,,,
"Pandora-Sparkling-Elevated-Heart-Ring","Pandora Sparkling Elevated Heart Ring","Add a sophisticated touch to your look with the Sparkling Elevated Heart Ring. The ring draws inspiration from the classic Pandora Timeless collection. Hand-finished in 14k rose gold unique metal blend, this piece features a pink heart-shaped central, elevated stone. Clear cubic zirconia create the halo and decorate half of the ring band, with the Pandora logo inside the shank. Stack this ring with hand-finished styles in sterling silver for a statement mixed metal look. Show less","Pandora",,"Apparel & Accessories > Jewelry > Rings ",,TRUE,,,,,,,,,,,deny,manual,68,115,TRUE,TRUE,05700302954050,https://encrypted-tbn1.gstatic.com/images?q=tbn:ANd9GcRF3W5Ft6BeM1-9u1k8ckvLzkECP30por8dBQKWMEGkTROz9j_v,1,,FALSE,,,,,,,,,,,new,FALSE,,,,,,,,,,active
Pandora-Sparkling-Elevated-Heart-Ring,,,,,,,,,,,,,,,,,,,,,,,,,https://encrypted-tbn1.gstatic.com/shopping?q=tbn:ANd9GcSBJNr9yFebfjXLbo05Amplb8vFkozmBCHGcxRfkCkaZlNKno6v,2,"",,,,,,,,,,,,,,,,,,,,,,,,,
Pandora-Sparkling-Elevated-Heart-Ring,,,,,,,,,,,,,,,,,,,,,,,,,https://encrypted-tbn2.gstatic.com/shopping?q=tbn:ANd9GcQyQhexJpyzY8sqrODusWEF8HFTxPckNq7bD7l1NrU2OsEnlUE,3,"",,,,,,,,,,,,,,,,,,,,,,,,,
Pandora-Sparkling-Elevated-Heart-Ring,,,,,,,,,,,,,,,,,,,,,,,,,https://encrypted-tbn2.gstatic.com/shopping?q=tbn:ANd9GcQK9C_v222yP4BfbE3OafLoNFj-UacRIZSX8UapH7ZD_9IY8pl-,4,"",,,,,,,,,,,,,,,,,,,,,,,,,
Pandora-Sparkling-Elevated-Heart-Ring,,,,,,,,,,,,,,,,,,,,,,,,,https://encrypted-tbn3.gstatic.com/shopping?q=tbn:ANd9GcSUmUKezZXF9EwJeHgX2H_MSClf-R-f8uPDVCaftv8VLvqW-NbY,5,"",,,,,,,,,,,,,,,,,,,,,,,,,
Pandora-Sparkling-Elevated-Heart-Ring,,,,,,,,,,,,,,,,,,,,,,,,,https://encrypted-tbn0.gstatic.com/shopping?q=tbn:ANd9GcQj_ODznE3g-Qa9HMqOrthKJ-ub3Rv3KaJWzFWMMT8-wWZ3_ZY,6,"",,,,,,,,,,,,,,,,,,,,,,,,,
Pandora-Sparkling-Elevated-Heart-Ring,,,,,,,,,,,,,,,,,,,,,,,,,https://encrypted-tbn3.gstatic.com/shopping?q=tbn:ANd9GcRZuc453naQ3S6_NK6j2tw4kBSJVrq7SuCzRgVxk0mgtYCvg8ZF,7,"",,,,,,,,,,,,,,,,,,,,,,,,,
Pandora-Sparkling-Elevated-Heart-Ring,,,,,,,,,,,,,,,,,,,,,,,,,https://encrypted-tbn1.gstatic.com/shopping?q=tbn:ANd9GcRXZu32gvrgS3Yb8h1Rt8v_Mi8Y_HylSQ-G1kWXL1s6NhppcPM,8,"",,,,,,,,,,,,,,,,,,,,,,,,,
Pandora-Sparkling-Elevated-Heart-Ring,,,,,,,,,,,,,,,,,,,,,,,,,https://encrypted-tbn2.gstatic.com/shopping?q=tbn:ANd9GcSrPnAvdilpMqeRQGhRQHfoWtWCdMO38EhmfftplI1jlNoCcBBF,9,"",,,,,,,,,,,,,,,,,,,,,,,,,
Pandora-Sparkling-Elevated-Heart-Ring,,,,,,,,,,,,,,,,,,,,,,,,,https://encrypted-tbn3.gstatic.com/shopping?q=tbn:ANd9GcSzVJapuRJ9u9eA0iLQTRxyyAWaHNxpvnPuA_vkO2XzrKGOnLOO,10,"",,,,,,,,,,,,,,,,,,,,,,,,,
Pandora-Sparkling-Elevated-Heart-Ring,,,,,,,,,,,,,,,,,,,,,,,,,https://encrypted-tbn0.gstatic.com/shopping?q=tbn:ANd9GcTkRxaGeQLHG8GJlekA8DjCIK9S2UhTQk_Dv_qbs7rFc8BPTXbo,11,"",,,,,,,,,,,,,,,,,,,,,,,,,
Pandora-Sparkling-Elevated-Heart-Ring,,,,,,,,,,,,,,,,,,,,,,,,,https://encrypted-tbn0.gstatic.com/shopping?q=tbn:ANd9GcSm3tLgqgDICQ2TRtiDOj5Pn7sDoBwXcCGeTH7DuFUYfUPsfqq-,12,"",,,,,,,,,,,,,,,,,,,,,,,,,
Pandora-Sparkling-Elevated-Heart-Ring,,,,,,,,,,,,,,,,,,,,,,,,,https://encrypted-tbn2.gstatic.com/shopping?q=tbn:ANd9GcS8RuFLGuEVoxI2QHODhiXtRJhKM5_TYS7Xe2L4Lz2XYbAUxguf,13,"",,,,,,,,,,,,,,,,,,,,,,,,,
Pandora-Sparkling-Elevated-Heart-Ring,,,,,,,,,,,,,,,,,,,,,,,,,https://encrypted-tbn1.gstatic.com/shopping?q=tbn:ANd9GcQ1OT3WCTKir4HASB_Yb0zkjiutf92_3iBEdVXzCxmaiCVtsiOp,14,"",,,,,,,,,,,,,,,,,,,,,,,,,
Pandora-Sparkling-Elevated-Heart-Ring,,,,,,,,,,,,,,,,,,,,,,,,,https://encrypted-tbn0.gstatic.com/shopping?q=tbn:ANd9GcQeyQSzPdLbLa4nKHqTJyS-4ZKz4McPcjCVsi8M1PU-KYgZ6PA,15,"",,,,,,,,,,,,,,,,,,,,,,,,,
Pandora-Sparkling-Elevated-Heart-Ring,,,,,,,,,,,,,,,,,,,,,,,,,https://encrypted-tbn0.gstatic.com/shopping?q=tbn:ANd9GcRLpzJWZczYV6fgFui_OceBFzGYx9t8gIoPamY7089DbTBu5l8,16,"",,,,,,,,,,,,,,,,,,,,,,,,,
"RingConn-Smart-Ring","RingConn Smart Ring","World-leading Sensor Technology. Sleep & Activity & Stress Analysis. Heart Rate & Blood Oxygen Tracking. Personalized Wellness Balance Advice. Sleek Design & Comfortable to Wear. 7-Days of Offline Data Storage. 24/7 Continuous Health Monitoring. Free APP: No Subscription Fee. Titanium: Ultralight & Hypoallergenic & Solid. Sharing: Sync Daily Data With Family or Friends Show less","—",,"Apparel & Accessories > Jewelry > Rings ",,TRUE,,,,,,,,,,,deny,manual,279,,TRUE,TRUE,06975377551339,https://encrypted-tbn1.gstatic.com/images?q=tbn:ANd9GcSDTxeJm7hX1L7D_hsTk4c7yWy_siMqvxmID56y-hSI4qb8dfH9,1,,FALSE,,,,,,,,,,,new,FALSE,,,,,,,,,,active
RingConn-Smart-Ring,,,,,,,,,,,,,,,,,,,,,,,,,https://encrypted-tbn1.gstatic.com/shopping?q=tbn:ANd9GcSHcqwNLWXWZ-w5xcqqseLTC7oRPxmgMsxgAejyGsqdgGIBtCc,2,"",,,,,,,,,,,,,,,,,,,,,,,,,
RingConn-Smart-Ring,,,,,,,,,,,,,,,,,,,,,,,,,https://encrypted-tbn1.gstatic.com/shopping?q=tbn:ANd9GcRD5jeqCeuUP2h2OEiuixdia5djUst6bK4P-eOxdvHDaRmxJ6U,3,"",,,,,,,,,,,,,,,,,,,,,,,,,
RingConn-Smart-Ring,,,,,,,,,,,,,,,,,,,,,,,,,https://encrypted-tbn1.gstatic.com/shopping?q=tbn:ANd9GcQvw-gjZwUMje-WjFYU4Id2bh9Kg8kmWMJNYtRbx6irscuOSUo,4,"",,,,,,,,,,,,,,,,,,,,,,,,,
RingConn-Smart-Ring,,,,,,,,,,,,,,,,,,,,,,,,,https://encrypted-tbn2.gstatic.com/shopping?q=tbn:ANd9GcQxHky58Vfhndql7O0rFkGYZWtR3tw3ZJIvGZJ-Jrll2JuUuIE,5,"",,,,,,,,,,,,,,,,,,,,,,,,,
RingConn-Smart-Ring,,,,,,,,,,,,,,,,,,,,,,,,,https://encrypted-tbn0.gstatic.com/shopping?q=tbn:ANd9GcSsVJ1BLO5gHwvkDNtj4eHWk8tULWyd9Pehx7UA4zhZTFYqlGs,6,"",,,,,,,,,,,,,,,,,,,,,,,,,
RingConn-Smart-Ring,,,,,,,,,,,,,,,,,,,,,,,,,https://encrypted-tbn2.gstatic.com/shopping?q=tbn:ANd9GcTuxtIIuVdXxYPkmirDe2KAWFEYQE93db22bQKCCKEps9X_tao,7,"",,,,,,,,,,,,,,,,,,,,,,,,,
RingConn-Smart-Ring,,,,,,,,,,,,,,,,,,,,,,,,,https://encrypted-tbn2.gstatic.com/shopping?q=tbn:ANd9GcQfvUOoqHQV-sanVeGtZw5umnxpaHDjYxqCfyARahLApNC5IvI,8,"",,,,,,,,,,,,,,,,,,,,,,,,,
RingConn-Smart-Ring,,,,,,,,,,,,,,,,,,,,,,,,,https://encrypted-tbn2.gstatic.com/shopping?q=tbn:ANd9GcQu3Ns6toJwz7YPjVdADeUImGZJn7MlVgzWfnk2KYJ91yyJM4Y,9,"",,,,,,,,,,,,,,,,,,,,,,,,,
RingConn-Smart-Ring,,,,,,,,,,,,,,,,,,,,,,,,,https://encrypted-tbn1.gstatic.com/shopping?q=tbn:ANd9GcSGy1TUM6oFE7fHdd62gCX2Esvl_Cxx5AjrgddKszrryguClgBr,10,"",,,,,,,,,,,,,,,,,,,,,,,,,
RingConn-Smart-Ring,,,,,,,,,,,,,,,,,,,,,,,,,https://encrypted-tbn1.gstatic.com/shopping?q=tbn:ANd9GcRvasV69qyGpvfcjR427O12XapHuWVt0l4m5l_4ysvNkYs4k78,11,"",,,,,,,,,,,,,,,,,,,,,,,,,
RingConn-Smart-Ring,,,,,,,,,,,,,,,,,,,,,,,,,https://encrypted-tbn0.gstatic.com/shopping?q=tbn:ANd9GcSTGqqEZ8N0ACBA3BK3LDvccqTpNqh3K0GH2YFIOnuq6D-lB0K2,12,"",,,,,,,,,,,,,,,,,,,,,,,,,
RingConn-Smart-Ring,,,,,,,,,,,,,,,,,,,,,,,,,https://encrypted-tbn1.gstatic.com/shopping?q=tbn:ANd9GcQPlkLHr8fwqiCPnF8a-ztNaE5cyAqgxUv27BnIMlguNgfZElqj,13,"",,,,,,,,,,,,,,,,,,,,,,,,,
RingConn-Smart-Ring,,,,,,,,,,,,,,,,,,,,,,,,,https://encrypted-tbn0.gstatic.com/shopping?q=tbn:ANd9GcTkkU0gUvFU_kGGCPB62_St2zUR4vRQtk0wbLpyiieWwwMbdFt_,14,"",,,,,,,,,,,,,,,,,,,,,,,,,
RingConn-Smart-Ring,,,,,,,,,,,,,,,,,,,,,,,,,https://encrypted-tbn1.gstatic.com/shopping?q=tbn:ANd9GcSBzLlRGxqBCFdWb_00pVFm4wt5nqeFz6WyTGr0nTzFoCXb0KLV,15,"",,,,,,,,,,,,,,,,,,,,,,,,,
RingConn-Smart-Ring,,,,,,,,,,,,,,,,,,,,,,,,,https://encrypted-tbn2.gstatic.com/shopping?q=tbn:ANd9GcQca3djB4qvbgV-UyCIajwjjG6gUxCvf5pWc-AuodBdJ5lzF47d,16,"",,,,,,,,,,,,,,,,,,,,,,,,,
"Stunning-3.0-Carat-Cushion-Cut-Wedding-Set","Stunning 3.0 Carat Cushion Cut Wedding Set","Buy White Sapphire Stunning 3.0 Carat Wedding Set In Sterling Silver at the lowest price from maxine jewelry. 30 Day Replacement Guarantee. Free Gift Package. Show less","Maxine",,"Apparel & Accessories > Jewelry > Rings ",,TRUE,,,,,,,,,,,deny,manual,129,159,TRUE,TRUE,00704017744840,https://encrypted-tbn0.gstatic.com/images?q=tbn:ANd9GcTa3XQsx0ku3VL0WcFyMHxJCFnUY4Weu3g1QQtSi3C_U5WAB1wa,1,,FALSE,,,,,,,,,,,new,FALSE,,,,,,,,,,active
Stunning-3.0-Carat-Cushion-Cut-Wedding-Set,,,,,,,,,,,,,,,,,,,,,,,,,https://encrypted-tbn1.gstatic.com/shopping?q=tbn:ANd9GcSynektQaW1nraaBkqNrVMtJ7bagvlGDSDtKSYaeSYXdM54sf70,2,"",,,,,,,,,,,,,,,,,,,,,,,,,
Stunning-3.0-Carat-Cushion-Cut-Wedding-Set,,,,,,,,,,,,,,,,,,,,,,,,,https://encrypted-tbn1.gstatic.com/shopping?q=tbn:ANd9GcSsnS0tdV--StpKvgC-oIvJYVt4gbiHORwWaJCyy7hyDn_P49o,3,"",,,,,,,,,,,,,,,,,,,,,,,,,
Stunning-3.0-Carat-Cushion-Cut-Wedding-Set,,,,,,,,,,,,,,,,,,,,,,,,,https://encrypted-tbn0.gstatic.com/shopping?q=tbn:ANd9GcSgh3Fa4zSkQX_Td7SM1Yeg3DugUhXsSCh0mc_1-EG0si1Cj46N,4,"",,,,,,,,,,,,,,,,,,,,,,,,,
Stunning-3.0-Carat-Cushion-Cut-Wedding-Set,,,,,,,,,,,,,,,,,,,,,,,,,https://encrypted-tbn3.gstatic.com/shopping?q=tbn:ANd9GcT8Ew5sYtvKMV9NWQxWG7msZxTg-aF8ZEvg9NevU2JgRotYt7M,5,"",,,,,,,,,,,,,,,,,,,,,,,,,
Stunning-3.0-Carat-Cushion-Cut-Wedding-Set,,,,,,,,,,,,,,,,,,,,,,,,,https://encrypted-tbn1.gstatic.com/shopping?q=tbn:ANd9GcQVNY3cxEhPI37pLQVYzTqAkoa69plA5wsqaRm6Imd_slqalvQ,6,"",,,,,,,,,,,,,,,,,,,,,,,,,
Stunning-3.0-Carat-Cushion-Cut-Wedding-Set,,,,,,,,,,,,,,,,,,,,,,,,,https://encrypted-tbn1.gstatic.com/shopping?q=tbn:ANd9GcR9ng30WANEf22ho61anuUnA8x-igZ322-GEHLzH3zF5mW-9oQ,7,"",,,,,,,,,,,,,,,,,,,,,,,,,
Stunning-3.0-Carat-Cushion-Cut-Wedding-Set,,,,,,,,,,,,,,,,,,,,,,,,,https://encrypted-tbn0.gstatic.com/shopping?q=tbn:ANd9GcRN5SNr8VJhrhp2StQwo4dL40bkmfWVUaGtn_tGfl5Va0aLuV5B,8,"",,,,,,,,,,,,,,,,,,,,,,,,,
Stunning-3.0-Carat-Cushion-Cut-Wedding-Set,,,,,,,,,,,,,,,,,,,,,,,,,https://encrypted-tbn0.gstatic.com/shopping?q=tbn:ANd9GcQpBAcbGzp1xoL4XWN92pzd3gmG9nolbG1Ud0xGGsHVJNAbhUE,9,"",,,,,,,,,,,,,,,,,,,,,,,,,
Stunning-3.0-Carat-Cushion-Cut-Wedding-Set,,,,,,,,,,,,,,,,,,,,,,,,,https://encrypted-tbn0.gstatic.com/shopping?q=tbn:ANd9GcTbzphBanM25fOrCX-Nj7jHl-XciKYRAVRyFqVRcXoUCaEYsBA,10,"",,,,,,,,,,,,,,,,,,,,,,,,,
Stunning-3.0-Carat-Cushion-Cut-Wedding-Set,,,,,,,,,,,,,,,,,,,,,,,,,https://encrypted-tbn3.gstatic.com/shopping?q=tbn:ANd9GcS5ktGvPxFztRwSZ8lAmCY04suvrbtEYKmyO6W94FEUKfMWjbJe,11,"",,,,,,,,,,,,,,,,,,,,,,,,,
Stunning-3.0-Carat-Cushion-Cut-Wedding-Set,,,,,,,,,,,,,,,,,,,,,,,,,https://encrypted-tbn2.gstatic.com/shopping?q=tbn:ANd9GcTzczui9CZE0SVTmQRL_k4cFEglX44TfKLdj1mPHjSFkO71J78,12,"",,,,,,,,,,,,,,,,,,,,,,,,,
"Ring-Size-Adjuster-for-Loose-Rings,-12-Pack-4-Sizes-Any-Sizer,-Invisible-Guards-Women-and-Men","Ring Size Adjuster for Loose Rings, 12 Pack 4 Sizes Any Sizer, Invisible Guards Women and Men","About The Item: Multipurpose And Wide Applicability: The Ring Size Reducer Set Fits Most Women's And Men's Rings, Great Way To Make Your Ring Remain Comfortable To Wear Without Having To Re-size, Keeping Your Jewellery Undamaged, Just Choose The Right Size And Clip Or Warp On Your Rings. Discrete And Comfortable: Invisible Soft Tpu Material, Transparent See-through With Abrasion Resistance And General Elasticity, Leave No Doubt About Visibility. It Will Bring You Convenience And Comfort While E. Show less","—",,"Apparel & Accessories > Jewelry > Rings ",,TRUE,,,,,,,,,,,deny,manual,6,,TRUE,TRUE,00747301454780,https://encrypted-tbn3.gstatic.com/images?q=tbn:ANd9GcSqldA42lXoezfHHpjAjN6MvWmGSWG4KX5bwk99-iAoVHYBCE5x,1,,FALSE,,,,,,,,,,,new,FALSE,,,,,,,,,,active
Ring-Size-Adjuster-for-Loose-Rings,-12-Pack-4-Sizes-Any-Sizer,-Invisible-Guards-Women-and-Men,,,,,,,,,,,,,,,,,,,,,,,,,https://encrypted-tbn3.gstatic.com/shopping?q=tbn:ANd9GcTo2KDky6pzq9Fi6dtzrfzJ7Z7VkQHQ_WVwIuYhAprJ6oo-GGM,2,"",,,,,,,,,,,,,,,,,,,,,,,,,
Ring-Size-Adjuster-for-Loose-Rings,-12-Pack-4-Sizes-Any-Sizer,-Invisible-Guards-Women-and-Men,,,,,,,,,,,,,,,,,,,,,,,,,https://encrypted-tbn1.gstatic.com/shopping?q=tbn:ANd9GcT_Du5xjE7JU6Xa_Mba4aRiazEt7go6woKauOqZRFoanHdQGeF4,3,"",,,,,,,,,,,,,,,,,,,,,,,,,
Ring-Size-Adjuster-for-Loose-Rings,-12-Pack-4-Sizes-Any-Sizer,-Invisible-Guards-Women-and-Men,,,,,,,,,,,,,,,,,,,,,,,,,https://encrypted-tbn1.gstatic.com/shopping?q=tbn:ANd9GcT7eC2MPPU5YvhOUb-d_0dcoHuTj6vy2nE0qzymV4owDZGLRPkr,4,"",,,,,,,,,,,,,,,,,,,,,,,,,
Ring-Size-Adjuster-for-Loose-Rings,-12-Pack-4-Sizes-Any-Sizer,-Invisible-Guards-Women-and-Men,,,,,,,,,,,,,,,,,,,,,,,,,https://encrypted-tbn0.gstatic.com/shopping?q=tbn:ANd9GcTiOUXnR4nNt0jGxRyQaImE7WahPBqArbSGqIKaZYk1BGyDy5A_,5,"",,,,,,,,,,,,,,,,,,,,,,,,,
Ring-Size-Adjuster-for-Loose-Rings,-12-Pack-4-Sizes-Any-Sizer,-Invisible-Guards-Women-and-Men,,,,,,,,,,,,,,,,,,,,,,,,,https://encrypted-tbn0.gstatic.com/shopping?q=tbn:ANd9GcTkYkvujPCqTkH3NF7qNuzHYrJ8pB92wkEGgFg7lOhBtsDKAqF7,6,"",,,,,,,,,,,,,,,,,,,,,,,,,
Ring-Size-Adjuster-for-Loose-Rings,-12-Pack-4-Sizes-Any-Sizer,-Invisible-Guards-Women-and-Men,,,,,,,,,,,,,,,,,,,,,,,,,https://encrypted-tbn2.gstatic.com/shopping?q=tbn:ANd9GcSkqC1fPHveAVjT0l4Ma0H9Yf-GjtAhMvB07Ku37CIcXUBEvo8z,7,"",,,,,,,,,,,,,,,,,,,,,,,,,
"Qalo-Men's-Polished-Step-Edge-Silicone-Ring","Qalo Men's Polished Step Edge Silicone Ring","Meet our step-edged silicone ring. Featuring a flat silhouette and subtle detailing for an elevated look, Step Edge is a versatile classic. Step Edge is part of QALO's Classic range for those that love the timeless style of a traditional ring but want the comfort and durability of QALO. Show less","QALO",,"Apparel & Accessories > Jewelry > Rings ",,TRUE,,,,,,,,,,,deny,manual,18,30,TRUE,TRUE,00191286174926,https://encrypted-tbn3.gstatic.com/images?q=tbn:ANd9GcRfEEJNyo2twEkjM-Vjhz3D4T6C--Jtg-7e6zWwdq_UJfwH3ZT3,1,,FALSE,,,,,,,,,,,new,FALSE,,,,,,,,,,active
Qalo-Men's-Polished-Step-Edge-Silicone-Ring,,,,,,,,,,,,,,,,,,,,,,,,,https://encrypted-tbn2.gstatic.com/shopping?q=tbn:ANd9GcQWg7jY6KSzlMu5De-zOzAwAF85eAOjfFbD5VeLWdNtyGx7Dva9,2,"",,,,,,,,,,,,,,,,,,,,,,,,,
Qalo-Men's-Polished-Step-Edge-Silicone-Ring,,,,,,,,,,,,,,,,,,,,,,,,,https://encrypted-tbn3.gstatic.com/shopping?q=tbn:ANd9GcRr8vqIdFe0n7gXVQw4O6LrSdazhepJlH17wPDWVsflS0UtOxWR,3,"",,,,,,,,,,,,,,,,,,,,,,,,,
Qalo-Men's-Polished-Step-Edge-Silicone-Ring,,,,,,,,,,,,,,,,,,,,,,,,,https://encrypted-tbn1.gstatic.com/shopping?q=tbn:ANd9GcSM1ziLfA5atqXVME5QE-xpYOZ6jedsQ6qcc8STP2Wdkq5Y3ns,4,"",,,,,,,,,,,,,,,,,,,,,,,,,
Qalo-Men's-Polished-Step-Edge-Silicone-Ring,,,,,,,,,,,,,,,,,,,,,,,,,https://encrypted-tbn3.gstatic.com/shopping?q=tbn:ANd9GcQlxRKqcTxq8RgAe1a8IAglKYKpKmg-NtEUdg-OSw_7neLGoYk,5,"",,,,,,,,,,,,,,,,,,,,,,,,,
Qalo-Men's-Polished-Step-Edge-Silicone-Ring,,,,,,,,,,,,,,,,,,,,,,,,,https://encrypted-tbn1.gstatic.com/shopping?q=tbn:ANd9GcSnKwGDToMmNUHOT0QUdRlF4EqXxMGdEgpEeLhMJfursEHF4XM,6,"",,,,,,,,,,,,,,,,,,,,,,,,,
Qalo-Men's-Polished-Step-Edge-Silicone-Ring,,,,,,,,,,,,,,,,,,,,,,,,,https://encrypted-tbn2.gstatic.com/shopping?q=tbn:ANd9GcQaP4AkbIpnPKj4A78ohl0ucxLXvl-a9Ikf5vJ07ozID2bGrWd_,7,"",,,,,,,,,,,,,,,,,,,,,,,,,
Qalo-Men's-Polished-Step-Edge-Silicone-Ring,,,,,,,,,,,,,,,,,,,,,,,,,https://encrypted-tbn2.gstatic.com/shopping?q=tbn:ANd9GcS_bFGgh5ot7HitNHn5K6F0ai1VzpSyGvZrmHkYOdzvjPGOpZg,8,"",,,,,,,,,,,,,,,,,,,,,,,,,
Qalo-Men's-Polished-Step-Edge-Silicone-Ring,,,,,,,,,,,,,,,,,,,,,,,,,https://encrypted-tbn0.gstatic.com/shopping?q=tbn:ANd9GcRY2OVAcVjZZ1F9BN5v-YOm4ouDlX0RvY62M5KaEQS7ffv00Q1Z,9,"",,,,,,,,,,,,,,,,,,,,,,,,,
Qalo-Men's-Polished-Step-Edge-Silicone-Ring,,,,,,,,,,,,,,,,,,,,,,,,,https://encrypted-tbn0.gstatic.com/shopping?q=tbn:ANd9GcRlh-XCllCKsYIUDhEhCOsZm1SKTdDuuFq0yQGwwuCkeSE26iG2,10,"",,,,,,,,,,,,,,,,,,,,,,,,,
Qalo-Men's-Polished-Step-Edge-Silicone-Ring,,,,,,,,,,,,,,,,,,,,,,,,,https://encrypted-tbn1.gstatic.com/shopping?q=tbn:ANd9GcT-r41YGxOFkIc-jC2Yocn-CO8obdNC9uynLhmc2fqM7M3yNOQ,11,"",,,,,,,,,,,,,,,,,,,,,,,,,
Qalo-Men's-Polished-Step-Edge-Silicone-Ring,,,,,,,,,,,,,,,,,,,,,,,,,https://encrypted-tbn3.gstatic.com/shopping?q=tbn:ANd9GcTjSeEtWZ5PCHAQ4L9qaa9vp4oi6_Bbl6QUWNcTvckL_Aguy5k,12,"",,,,,,,,,,,,,,,,,,,,,,,,,
Qalo-Men's-Polished-Step-Edge-Silicone-Ring,,,,,,,,,,,,,,,,,,,,,,,,,https://encrypted-tbn0.gstatic.com/shopping?q=tbn:ANd9GcRl6XBpzhuWL9OIjILxYN3SVNbY80X3Ip_1k1GCH6jr69-H1x51,13,"",,,,,,,,,,,,,,,,,,,,,,,,,
"Manly-Bands-Black-Plated-Tungsten-Men's-Wedding-Band-8mm","Manly Bands Black Plated Tungsten Men's Wedding Band 8mm","THE BALLER - You work hard for the money, and you make sure it shows. On most nights you can be found slow-motion walking into limos while popping bottles and making it rain. Here’s a mens wedding ring as clean as you are. DELUXE MENS BLACK WEDDING BAND - Scratch-resistant tungsten carbide mens wedding ring made with one of our heaviest materials. This heavier material delivers a durable high-quality fit. A beveled design, in comfort fit, with a satin finish means our black wedding band for men might just be your perfect fit, crafted to match his unique personality. SIZE MATTERS - Don’t just wing it, use one of our sizers to find the most accurate ring size possible. Easily available is our printable ring sizer; find it in our user guide near the product details. Also by viewing our Amazon brand store! - It’s simple! Print, cut, size, order. WHY MANLY BANDS? - Husband and Wife, John & Michelle, founded Manly Bands in 2016 and to this day remain Co-CEOs. They were frustrated with the lack of options for stylish and affordable men's wedding rings when they were getting married and decided to shake up the industry. They think everyone should have a buying experience with reverence, class, and love during ring selection. Manly Bands has an ever growing catalog with wildly unique styles in sizes all the way up to ring size 17! This also protects against manufacturing defects. Proof of purchase and a clear photo of the defective ring showing visible defects are required. Proudly American owned and operated, based in Utah. Manly Bands Rings for Men Show less","Manly Bands",,"Apparel & Accessories > Jewelry > Rings ",,TRUE,,,,,,,,,,,deny,manual,182,260,TRUE,TRUE,00195991001713,https://encrypted-tbn1.gstatic.com/images?q=tbn:ANd9GcTfVqU8UhF0zXKwNoCCwseSnFPiU34YE94IjSQaMzkevjV8Hq8S,1,,FALSE,,,,,,,,,,,new,FALSE,,,,,,,,,,active
Manly-Bands-Black-Plated-Tungsten-Men's-Wedding-Band-8mm,,,,,,,,,,,,,,,,,,,,,,,,,https://encrypted-tbn1.gstatic.com/shopping?q=tbn:ANd9GcRzfTRV8BLwggWGqm8_LSnH0WxWfn1bpMm5CRj3a4zr5VYpeDkh,2,"",,,,,,,,,,,,,,,,,,,,,,,,,
Manly-Bands-Black-Plated-Tungsten-Men's-Wedding-Band-8mm,,,,,,,,,,,,,,,,,,,,,,,,,https://encrypted-tbn1.gstatic.com/shopping?q=tbn:ANd9GcRVBDsniicq6ziWh_yul06Tj1ykFans8viDp9DgNAFzuofy_9vI,3,"",,,,,,,,,,,,,,,,,,,,,,,,,
Manly-Bands-Black-Plated-Tungsten-Men's-Wedding-Band-8mm,,,,,,,,,,,,,,,,,,,,,,,,,https://encrypted-tbn1.gstatic.com/shopping?q=tbn:ANd9GcRZezE9kbnIofAdbPFMK-oyTbfMZUXqVFV7ZMCs_GVpjHnD8lBX,4,"",,,,,,,,,,,,,,,,,,,,,,,,,
Manly-Bands-Black-Plated-Tungsten-Men's-Wedding-Band-8mm,,,,,,,,,,,,,,,,,,,,,,,,,https://encrypted-tbn3.gstatic.com/shopping?q=tbn:ANd9GcSS6P2o8uB17uPFArGkh92qpR2j3w07wQjZmgP0y-SPHXawQtk,5,"",,,,,,,,,,,,,,,,,,,,,,,,,
Manly-Bands-Black-Plated-Tungsten-Men's-Wedding-Band-8mm,,,,,,,,,,,,,,,,,,,,,,,,,https://encrypted-tbn0.gstatic.com/shopping?q=tbn:ANd9GcTJVp5gz87VakpfCHXz2BlIu5kC9b5BYZRmiJoFKotJxzBcWHMX,6,"",,,,,,,,,,,,,,,,,,,,,,,,,
Manly-Bands-Black-Plated-Tungsten-Men's-Wedding-Band-8mm,,,,,,,,,,,,,,,,,,,,,,,,,https://encrypted-tbn2.gstatic.com/shopping?q=tbn:ANd9GcSjLX6hJpr4ampVF3nq_34V2vEG1ghCH4oZjE5SCjnx9loF5BK8,7,"",,,,,,,,,,,,,,,,,,,,,,,,,
Manly-Bands-Black-Plated-Tungsten-Men's-Wedding-Band-8mm,,,,,,,,,,,,,,,,,,,,,,,,,https://encrypted-tbn1.gstatic.com/shopping?q=tbn:ANd9GcTm0hfbKsZd4oe6Y1GooaZm3AJsLqp0UpEXwayH6N6Filn9oYI,8,"",,,,,,,,,,,,,,,,,,,,,,,,,
Manly-Bands-Black-Plated-Tungsten-Men's-Wedding-Band-8mm,,,,,,,,,,,,,,,,,,,,,,,,,https://encrypted-tbn3.gstatic.com/shopping?q=tbn:ANd9GcROcLA8esVp579FLEhRnSNK4BG-_YcuJ23Q5dKgAkOyBC13DBo,9,"",,,,,,,,,,,,,,,,,,,,,,,,,
Manly-Bands-Black-Plated-Tungsten-Men's-Wedding-Band-8mm,,,,,,,,,,,,,,,,,,,,,,,,,https://encrypted-tbn0.gstatic.com/shopping?q=tbn:ANd9GcQSHJCUScOZRjXyXSrYeppBiBmqOj04TuV-_H8Hu2RwjE1nR5wx,10,"",,,,,,,,,,,,,,,,,,,,,,,,,
Manly-Bands-Black-Plated-Tungsten-Men's-Wedding-Band-8mm,,,,,,,,,,,,,,,,,,,,,,,,,https://encrypted-tbn3.gstatic.com/shopping?q=tbn:ANd9GcRrGA2fjQClLEOMsImXXLvF5HPIvE97POPR49xV0ZLYckUHRtE,11,"",,,,,,,,,,,,,,,,,,,,,,,,,
Manly-Bands-Black-Plated-Tungsten-Men's-Wedding-Band-8mm,,,,,,,,,,,,,,,,,,,,,,,,,https://encrypted-tbn3.gstatic.com/shopping?q=tbn:ANd9GcRRVjWEPkMZOVErnfJissA4HnzmjVNbzozn_wQXBPdr6cOsZfeO,12,"",,,,,,,,,,,,,,,,,,,,,,,,,
Manly-Bands-Black-Plated-Tungsten-Men's-Wedding-Band-8mm,,,,,,,,,,,,,,,,,,,,,,,,,https://encrypted-tbn2.gstatic.com/shopping?q=tbn:ANd9GcQWTLdo96olvY86N-SN_LhmVrcULLfYg0K6IaSN2niFtLLz6lo,13,"",,,,,,,,,,,,,,,,,,,,,,,,,
Manly-Bands-Black-Plated-Tungsten-Men's-Wedding-Band-8mm,,,,,,,,,,,,,,,,,,,,,,,,,https://encrypted-tbn0.gstatic.com/shopping?q=tbn:ANd9GcRlEnlEsW_DGX06YDvkGoAmdN5U0hA0DwlF9VkQEjPCLr1CyZlC,14,"",,,,,,,,,,,,,,,,,,,,,,,,,
"Dookeh-Breathable-Mens-Silicone-Wedding-Rings-Rubber-Ring-Bands-For-Men","Dookeh Breathable Mens Silicone Wedding Rings Rubber Ring Bands For Men","BREATHABLE WAVE DESIGN - Each rubber wedding ring is equipped with internal wave shaped breathing chambers. These chambers ensure continuous breathing of your skin, allow air circulation and prevent moisture trapping. You can wear your mens silicone wedding band all day without bothering. Your finger will always be dry and comfortable. Some colors are only available in our list. LIGHT AND DURABLE MATERIAL - Dookeh mens rubber wedding bands are very light compared to metal rings. You will even forget that it is on your finger during the day. You don't need to worry about damaging or losing your metal ring. Our rubber rings are made of durable, flexible and high quality silicone material. You can use your ring for a long time without losing its features. PRACTICAL USE AND WIDE APPLICATION AREA - Will be a perfect gift for weddings, birthdays, anniversaries, father's day and more. Everybody wants to use a different and practical product one day. A ring of different colors is a good way to surprise and delight your loved ones. STYLISH AND RELIABLE - Our silicone wedding rings will fit your active lifestyle very well and will give you a stylish look. It is %100 compatible with heavy duty workers or those engaged in sports activities. DOOKEH SILICONE WEDDING RINGS FOR MEN ""The wedding ring goes on the left ring finger because it is the only finger with a vein that connects to the heart."" BREATHABLE WAVE DESIGN This design has been developed specifically for you by Dookeh's research and development team. Wave-shaped channel structure allows your skin to breathe throughout the day. It creates air flow inside the ring and causes the moisture to be thrown out. PERFECT COLOR COMBINATIONS Careful people always notice small details. Your style is the mirror of your lifestyle and personality. You will find a color for sure in our collection that fits your style. Durable, hypoallergenic, flexible and high quality materials have been carefully selected and used for you. WIDE APPLICATION AREA Safe for swimming, cross-fit, work out, fitness, basketball, baseball, diving, camping, fishing, gym, hunting, exercise, gym, water sports, beach, trekking, climbing, jogging, weight lifting, yoga, hiking, rock climbing, construction, cleaning and all others. Police and army officers, firefighters, electricians, athletes, engineers, mechanics and all other heavy duty workers can use safely. -Please check the size chart in the pictures and measure for a perfect fit. ""Good things come in small packages especially when it's a ring."" Click the ""ADD TO CART"" button at the top of this page and start enjoying your DOOKEH ring... Show less","—",,"Apparel & Accessories > Jewelry > Rings ",,TRUE,,,,,,,,,,,deny,manual,8,,TRUE,TRUE,00303944768570,https://encrypted-tbn3.gstatic.com/images?q=tbn:ANd9GcSHUyrEaBLlKHDhOYGJbgD9X9iM78mS6wz96TEC1g95-4EVCcMp,1,,FALSE,,,,,,,,,,,new,FALSE,,,,,,,,,,active
Dookeh-Breathable-Mens-Silicone-Wedding-Rings-Rubber-Ring-Bands-For-Men,,,,,,,,,,,,,,,,,,,,,,,,,https://encrypted-tbn1.gstatic.com/shopping?q=tbn:ANd9GcQGPgCLXLEssBerXvICebbj9c3ibyTppZSjbDUbJdHSH5DcMHog,2,"",,,,,,,,,,,,,,,,,,,,,,,,,
Dookeh-Breathable-Mens-Silicone-Wedding-Rings-Rubber-Ring-Bands-For-Men,,,,,,,,,,,,,,,,,,,,,,,,,https://encrypted-tbn3.gstatic.com/shopping?q=tbn:ANd9GcQUFGNnAKL1kuiBZdYcXyTGi3CvHcJQW5CEjGAqAKhgThoCrBs,3,"",,,,,,,,,,,,,,,,,,,,,,,,,
Dookeh-Breathable-Mens-Silicone-Wedding-Rings-Rubber-Ring-Bands-For-Men,,,,,,,,,,,,,,,,,,,,,,,,,https://encrypted-tbn0.gstatic.com/shopping?q=tbn:ANd9GcQS6om-PTVPup-ZR-5WQ9vWtqOL10nWG_4LOZdOQQb0bKLOIik,4,"",,,,,,,,,,,,,,,,,,,,,,,,,
Dookeh-Breathable-Mens-Silicone-Wedding-Rings-Rubber-Ring-Bands-For-Men,,,,,,,,,,,,,,,,,,,,,,,,,https://encrypted-tbn0.gstatic.com/shopping?q=tbn:ANd9GcTZxljoGYTzwKcpddkAx-3ew5UVuLNvtnCvQUgWeYCJh7k7Q8g,5,"",,,,,,,,,,,,,,,,,,,,,,,,,
Dookeh-Breathable-Mens-Silicone-Wedding-Rings-Rubber-Ring-Bands-For-Men,,,,,,,,,,,,,,,,,,,,,,,,,https://encrypted-tbn2.gstatic.com/shopping?q=tbn:ANd9GcQpEGCM4dtEodfiZXdPxz6MJaBDOOZ2nbQGIJy08Ak1VtCZ0lZ1,6,"",,,,,,,,,,,,,,,,,,,,,,,,,
Dookeh-Breathable-Mens-Silicone-Wedding-Rings-Rubber-Ring-Bands-For-Men,,,,,,,,,,,,,,,,,,,,,,,,,https://encrypted-tbn2.gstatic.com/shopping?q=tbn:ANd9GcRLz-0itMDUiKArVpWfhYWqKMEP0rujN1zzvAVTQHTqumQVG5c,7,"",,,,,,,,,,,,,,,,,,,,,,,,,
Dookeh-Breathable-Mens-Silicone-Wedding-Rings-Rubber-Ring-Bands-For-Men,,,,,,,,,,,,,,,,,,,,,,,,,https://encrypted-tbn1.gstatic.com/shopping?q=tbn:ANd9GcTf30wvVxR820IJrkzIJZmiw4GvgU2Y7BShaSazw1OTx95QB82N,8,"",,,,,,,,,,,,,,,,,,,,,,,,,
"David-Yurman-Women's-Petite-X-Ring-Sterling-Silver-with-18K-Yellow-Gold","David Yurman Women's Petite X Ring Sterling Silver with 18K Yellow Gold","One of David Yurman’s most iconic designs, the X Collection was inspired by his wife Sybil’s painting of the ancient mark. Classic yet contemporary, the collection epitomizes his approach to design. Sterling silver with 18-karat yellow gold Ring, 4mm This item can be resized. This item can be engraved. Show less","David Yurman",,"Apparel & Accessories > Jewelry > Rings ",,TRUE,,,,,,,,,,,deny,manual,295,345,TRUE,TRUE,00192740830983,https://encrypted-tbn1.gstatic.com/images?q=tbn:ANd9GcS27k5LoaaFYpiY4ko6MoVT6ROhLYpzaIuJoSH3ONgpsoY7KYPg,1,,FALSE,,,,,,,,,,,new,FALSE,,,,,,,,,,active
David-Yurman-Women's-Petite-X-Ring-Sterling-Silver-with-18K-Yellow-Gold,,,,,,,,,,,,,,,,,,,,,,,,,https://encrypted-tbn1.gstatic.com/shopping?q=tbn:ANd9GcRjUZQehf-tAZyc9ufZvXKz2_YbWfeeFXWXzoJ4b7ewzFtLah8,2,"",,,,,,,,,,,,,,,,,,,,,,,,,
David-Yurman-Women's-Petite-X-Ring-Sterling-Silver-with-18K-Yellow-Gold,,,,,,,,,,,,,,,,,,,,,,,,,https://encrypted-tbn2.gstatic.com/shopping?q=tbn:ANd9GcRu3iQ3aNx6FBVEVfiWJHC0Nfd1y2Snjb2CgMrnF4XRm-Ez-VE,3,"",,,,,,,,,,,,,,,,,,,,,,,,,
David-Yurman-Women's-Petite-X-Ring-Sterling-Silver-with-18K-Yellow-Gold,,,,,,,,,,,,,,,,,,,,,,,,,https://encrypted-tbn3.gstatic.com/shopping?q=tbn:ANd9GcTkV94-XFcCC-r9EWZ7-rExcwS1lsVii8NiQnJ37PLhbVP7Jz8,4,"",,,,,,,,,,,,,,,,,,,,,,,,,
David-Yurman-Women's-Petite-X-Ring-Sterling-Silver-with-18K-Yellow-Gold,,,,,,,,,,,,,,,,,,,,,,,,,https://encrypted-tbn3.gstatic.com/shopping?q=tbn:ANd9GcTmn9HbmXkelIdvhmB2zmFJm6EcExbWLO_U4RLCmgag4u3iHZ1m,5,"",,,,,,,,,,,,,,,,,,,,,,,,,
David-Yurman-Women's-Petite-X-Ring-Sterling-Silver-with-18K-Yellow-Gold,,,,,,,,,,,,,,,,,,,,,,,,,https://encrypted-tbn3.gstatic.com/shopping?q=tbn:ANd9GcQjWRrzy6ZBnK9OIsk_mIsMyhZkDZK_6jqyFmZ1UEBlFDH63NM,6,"",,,,,,,,,,,,,,,,,,,,,,,,,
David-Yurman-Women's-Petite-X-Ring-Sterling-Silver-with-18K-Yellow-Gold,,,,,,,,,,,,,,,,,,,,,,,,,https://encrypted-tbn3.gstatic.com/shopping?q=tbn:ANd9GcSn2l_HQkGIbIvu0Ks4bIzyd3cLb-FyvL_JBMPsSDZ0G7H6Ntg,7,"",,,,,,,,,,,,,,,,,,,,,,,,,